geometry,barrio_name,name_normalized,index_right,identificad,nombre_de_l,densidad_ur,lon_barr,lat_barr
"POLYGON ((-74.08698218591121 4.587774125580584, -74.08686732267402 4.587700868952653, -74.0868610036098 4.58770921549352, -74.08685694935171 4.5877159025725955, -74.08662645409375 4.587574783964405, -74.08647548303607 4.5874826335035905, -74.08633334419261 4.587395109266209, -74.0862971025358 4.587370913806092, -74.08628993412339 4.5873669611334815, -74.086362938729 4.587257482741854, -74.08650856122581 4.587051634977416, -74.08670913014265 4.586759435687011, -74.08688011073264 4.586508097804063, -74.08706684619476 4.586239415302826, -74.08717520013938 4.586069799100929, -74.0871863439738 4.586039731050688, -74.08731390917939 4.5858431308181595, -74.08744262546769 4.585647689519524, -74.08762129262514 4.585380547426999, -74.08768161530722 4.585290343662529, -74.08769045372127 4.585262585908265, -74.0877281073294 4.585215558324516, -74.08784337417181 4.585064062251229, -74.08788525461264 4.585025515861202, -74.08794595988044 4.584948804455521, -74.0881013720599 4.584736730740065, -74.08831477280833 4.5849106716981485, -74.08853757999056 4.585084944203105, -74.08878689083114 4.585286203487476, -74.08902391191864 4.5854762816465335, -74.08922097790968 4.585635515567215, -74.08934275491207 4.585730747388105, -74.08967427542682 4.5859960089647105, -74.08986980772886 4.5861537004473725, -74.09004997497254 4.58629789830903, -74.09023705491873 4.586445566029605, -74.09042836324717 4.586595160350641, -74.09062274336702 4.586745911917021, -74.09078293458047 4.586863121518291, -74.09083316558423 4.58689432797419, -74.09076563547232 4.586998821075363, -74.09055239301311 4.5872748271762545, -74.09036835098733 4.587510744443235, -74.09020620993034 4.587720061962902, -74.0900617430356 4.587905094431105, -74.08994301877293 4.588057360741256, -74.08902115847212 4.589217509784145, -74.08889053201203 4.5890564172436585, -74.08870972823799 4.588935830203793, -74.08859332758213 4.588865656194434, -74.0884108516952 4.588770804385433, -74.08830213424882 4.588711426823992, -74.08812465420756 4.588596911737222, -74.08812982912345 4.588589738417997, -74.08814117748076 4.588570313472983, -74.08794641040171 4.5884372939842315, -74.08772705928826 4.58829000990069, -74.08755879872294 4.588172412062916, -74.08743702249629 4.588087588016481, -74.0874415659465 4.58808031340751, -74.08744432462008 4.588076025299745, -74.08728605110974 4.587975006659303, -74.08714084118733 4.5878763013749735, -74.08698218591121 4.587774125580584))",POLICARPA SALAVARRIETA,Policarpa Salavarrieta,6.0,15,ANTONIO NARIÑO,449.148804023,-74.08855686588755,4.587013722875355
"POLYGON ((-74.1166115136466 4.592290906754855, -74.11659667507375 4.592250646017441, -74.1165765906676 4.592196227398096, -74.11655901744042 4.592149805223276, -74.11655389047608 4.5921365964937415, -74.11654308537058 4.592107078463693, -74.11651188055164 4.5920238071057975, -74.11648667632485 4.591958043698412, -74.1164575827466 4.591882251707207, -74.11644222357333 4.5918405283535515, -74.11648881041887 4.591806856385316, -74.11651195519572 4.591790202991623, -74.11655917444213 4.591755909127954, -74.11662493858807 4.591710689095885, -74.11667345144646 4.591675592571474, -74.11672030293215 4.591646292099955, -74.1167760836946 4.591610407628591, -74.11679598349143 4.591598205138456, -74.11688169068186 4.591539809943458, -74.1169684069138 4.591478306096666, -74.1170459749137 4.591424369727661, -74.11710923017742 4.591379543668301, -74.11710549213586 4.591413844791549, -74.11709485539251 4.591495962764052, -74.11708204136463 4.591599538605512, -74.11706956082521 4.5916985929035405, -74.11705743014134 4.591789435735965, -74.11705261628815 4.59182903576744, -74.11704696011768 4.591891559929644, -74.11702739433095 4.591974104194287, -74.11701331941963 4.591983025594721, -74.1169994094976 4.592076041446753, -74.11699408531504 4.592104827505499, -74.11697726572166 4.592132058293345, -74.11695629812509 4.5923044731805005, -74.11686051005647 4.592288315611649, -74.11678977567774 4.592276158151021, -74.11670771437639 4.592261680673805, -74.11670326784765 4.592305872782297, -74.11679076380776 4.5923214804243555, -74.11678729462018 4.5923671894018305, -74.11686457977395 4.5923808476924055, -74.11694404128406 4.592395704702455, -74.11692201746212 4.592578706602593, -74.11690830225862 4.592689564619032, -74.1169015040775 4.592745779161814, -74.1168959495814 4.5927889027562685, -74.11690922228445 4.592791770637418, -74.11689338822569 4.592970327167419, -74.11686446483317 4.592981269177514, -74.11685112681366 4.592945851871169, -74.11682338250645 4.5928723216349585, -74.11679062297269 4.592784662453744, -74.1167891170642 4.592777955083844, -74.11676839854509 4.592721128321916, -74.116740095947 4.59264263718267, -74.11670935230457 4.59255942009066, -74.11668228912757 4.592484109095929, -74.1166631234717 4.592431668359838, -74.11663491273187 4.592354352354431, -74.1166115136466 4.592290906754855))",SAN JORGE CENTRAL II SECTOR,San Jorge Central Ii Sector,6.0,15,ANTONIO NARIÑO,449.148804023,-74.11680521148037,4.592057521743246
"POLYGON ((-74.1016014802778 4.594488369431438, -74.10163157282742 4.594412077989807, -74.10163220351129 4.594410450920434, -74.10166779249414 4.594312284244998, -74.10166923406739 4.594308397352853, -74.10167166654932 4.5943046009181, -74.10181516164424 4.594421942595687, -74.10185245886348 4.594377018645736, -74.10185912552227 4.5943688835183085, -74.10201516060363 4.594190182469166, -74.10201777317094 4.594187651573805, -74.10212488824742 4.594086596704522, -74.10197887284151 4.593937074326769, -74.10204589750033 4.593891157880946, -74.10210012981186 4.5938540089410935, -74.10210427380659 4.59385120695609, -74.10216724424741 4.593812793026878, -74.10223643064701 4.593770582890632, -74.1022535470642 4.593760278930416, -74.10225426776213 4.5937597366055, -74.10219139454207 4.593682896980372, -74.10218193548681 4.593688320088563, -74.1020882457568 4.59374255121956, -74.1020435629584 4.593768401386085, -74.10203824783369 4.593772016852153, -74.1020175278664 4.593785936380057, -74.10201194248664 4.593789642223978, -74.10199149277874 4.593803380978103, -74.10198185348685 4.593809888811769, -74.10198014183565 4.5938110638390866, -74.10191789183591 4.5938529128051, -74.10177232717284 4.593699593825075, -74.10182457872786 4.59364526973994, -74.10178971892691 4.593607844038686, -74.10174468021583 4.593562914914198, -74.10169738957609 4.5935157257711925, -74.10168234664984 4.593500719261192, -74.10165424258601 4.593471339129841, -74.10157029072329 4.593383469936745, -74.1015192170124 4.5933300432910675, -74.10147958309382 4.593288639894744, -74.10139184803323 4.593196883458132, -74.10138932587473 4.593194261844529, -74.10134987209722 4.593153491217099, -74.10130582438906 4.593108019758003, -74.10127015380321 4.5930720402991065, -74.1012626773963 4.59306444664753, -74.10126042546482 4.593062186630462, -74.10125303914108 4.593054592984527, -74.10121709838019 4.593017528766314, -74.10117359114076 4.5929727804931, -74.10112765183312 4.592925410608426, -74.1011194548172 4.59291700335481, -74.10112585120447 4.592909139401484, -74.10109216255388 4.592871713740737, -74.10110243263925 4.592861770950776, -74.10109261426891 4.592851194114457, -74.10105946599425 4.592815757175659, -74.10106937562718 4.592807712657249, -74.10106036791271 4.59279858219154, -74.10102406684284 4.592761517940532, -74.1010343368071 4.592753473445619, -74.10102433821028 4.592743890941356, -74.10098830726173 4.5927089057898005, -74.10098434398064 4.5927031202591, -74.10099028999879 4.592694533118482, -74.10095443974879 4.5926512316407475, -74.10095101639119 4.592654485640083, -74.10093642206814 4.592668495924126, -74.10089029678429 4.592712967288089, -74.10088516237995 4.592707904841441, -74.10084489785972 4.592667947688704, -74.10080039972384 4.592623651303926, -74.10073167081616 4.592555489089949, -74.10077671552581 4.592504418834771, -74.10081887736915 4.592456602610041, -74.10086626438253 4.59240300144047, -74.10090797576505 4.592355727551084, -74.10098148878981 4.592270760996415, -74.10098211930672 4.59227175538127, -74.10098401117897 4.592269676418232, -74.10090141195424 4.59216336666073, -74.1008365472835 4.592242096510269, -74.10079843916587 4.592290184181662, -74.10079663736438 4.592292443939897, -74.10075681766098 4.592340621893988, -74.10071735830685 4.592388438289081, -74.10071339487956 4.592385003025751, -74.1005636855511 4.592253649506106, -74.10041091364086 4.592119493513123, -74.1004515440017 4.592072852344882, -74.10049388614581 4.592022866671429, -74.100534516432 4.591977219842752, -74.10057631792294 4.591929494003194, -74.10052740553013 4.591889265089382, -74.10047777250932 4.591848584150851, -74.10043840839398 4.591816310604586, -74.10043615613205 4.591819293492455, -74.10038480458041 4.591886905596001, -74.10037786873862 4.591878588810484, -74.10031777932379 4.591943398099072, -74.10031183344377 4.591949815755268, -74.10036299717184 4.592001344199337, -74.1003663300097 4.592004869818714, -74.10032506875874 4.592056301873982, -74.1001640098065 4.591914552114164, -74.10000817540974 4.591777593592064, -74.1000576346291 4.591719563257775, -74.10009682360662 4.591673825964776, -74.10013682339437 4.591627003982798, -74.10017574210175 4.591581447457553, -74.10019808142223 4.591600160667356, -74.1002253750344 4.591622941971667, -74.10022627592643 4.591621947685695, -74.10026906832732 4.591574221928064, -74.1003123111597 4.591526134617146, -74.1003443829258 4.591490430688635, -74.10035411256305 4.591479583924362, -74.10029574229823 4.591427331851887, -74.10022530165324 4.591364231595066, -74.10022016723985 4.591359530723409, -74.10018593319538 4.59139975425375, -74.10014476225417 4.591448022482003, -74.10014602334269 4.591449107303617, -74.10012232993859 4.59147441634884, -74.10010359130158 4.591496381102712, -74.1000628707983 4.591544106985598, -74.10002233046687 4.5915916520878906, -74.09999395222697 4.591625005974034, -74.09998242075649 4.591638474069323, -74.0999402589535 4.5916855670859595, -74.09991512724108 4.591664232231659, -74.0997818119541 4.591553128091475, -74.09962480624283 4.591422135476131, -74.09966985098812 4.5913706133145435, -74.09971021107604 4.591324424144634, -74.09971156224054 4.591325599367889, -74.09976308668949 4.591369805887093, -74.0998045279116 4.591321356908796, -74.09983074397982 4.591290805131859, -74.09985569857575 4.591265044204087, -74.09988101371245 4.591236029080482, -74.09990002258579 4.591214245139899, -74.09986327104795 4.59118016383375, -74.09981525976178 4.591137042291527, -74.09978039982762 4.591105130584176, -74.09976850961587 4.591094282408692, -74.09974850951942 4.591120857213568, -74.09972914023646 4.591143816260945, -74.09968616744798 4.591194796193301, -74.09964526670994 4.591243425990371, -74.09959805966581 4.5912998293359655, -74.09954553731157 4.5913626503697325, -74.09940861925013 4.591245127880354, -74.09935988758103 4.591198119276938, -74.09933178355955 4.591170908533029, -74.09926854903514 4.591117028945521, -74.09926935984512 4.591116034654773, -74.09921720476461 4.591073364772503, -74.09916586038693 4.591031418100018, -74.09911073275686 4.590986216953521, -74.09898840706585 4.590886322371761, -74.0989653472876 4.590865349202181, -74.09894580051957 4.590847630485024, -74.09912300743842 4.590631598346152, -74.0991949081849 4.59040751402122, -74.09929624500865 4.590500717950181, -74.09930876574033 4.590512198940054, -74.0994102826877 4.590606487604314, -74.09944739448166 4.590640930537467, -74.09950279194607 4.59069236892838, -74.09955647795417 4.590742180092868, -74.09961601898326 4.590797505731435, -74.09966493091407 4.590842887220361, -74.09970222288013 4.590877601337037, -74.0997396049325 4.590912315457669, -74.09974176706457 4.59091005572568, -74.09979995679893 4.590966646789614, -74.09983778932126 4.59100063777498, -74.09989102509728 4.591048369800753, -74.0999405677003 4.5910928473625106, -74.09998506597024 4.591132804843305, -74.10003064516755 4.591173847131406, -74.1000766747662 4.591215160630841, -74.1001239654583 4.5912575589489695, -74.10017107600216 4.591299776462329, -74.10022620344942 4.59134922609048, -74.10023304933001 4.591355554182572, -74.10030267916011 4.591419739125542, -74.10041977980832 4.591527678296331, -74.10046499868383 4.591569353298116, -74.10050129989696 4.591602801779567, -74.10051481151977 4.591615186761923, -74.1005355293485 4.591634080646401, -74.10119913095564 4.5922397694121235, -74.10119461193706 4.592475067199482, -74.10201920925363 4.592821241510822, -74.10208730951668 4.592860567570963, -74.1022050483242 4.5928540664727455, -74.1033848253275 4.593506971324616, -74.10323104159843 4.593705740498994, -74.10339444895384 4.593760529762658, -74.10356660681451 4.593608043880353, -74.1041041148598 4.593902763677639, -74.1040301507006 4.594003188063022, -74.10394132591355 4.5940513632663444, -74.10361629795683 4.594187568945313, -74.10337144568439 4.594293497030024, -74.10297110221111 4.5945250645183044, -74.10267345640986 4.594705926544115, -74.10248400971152 4.594734931626061, -74.10245437423059 4.594704285902362, -74.10218459230687 4.594426575848793, -74.10216648675416 4.594407862965198, -74.10216180268287 4.59440379490033, -74.10209810975938 4.5944706831931965, -74.10206982168967 4.594502319660604, -74.1020655876247 4.594504850454836, -74.10204396686684 4.594517775582275, -74.10203666986236 4.594522114083945, -74.10200640084011 4.594539558417277, -74.10198135682478 4.594554020042854, -74.10193162964683 4.594574536583299, -74.10188541554601 4.59459767479423, -74.10188235267916 4.594598307366793, -74.10185487696612 4.594603910129942, -74.10176911575955 4.5946365373200955, -74.10175443187623 4.594641779303824, -74.10172037968822 4.594653799689678, -74.10168686800377 4.594665729712991, -74.10167849022955 4.594666361949817, -74.10166822053904 4.594669705915874, -74.10163759204099 4.594673229387985, -74.10161687291216 4.594673228080958, -74.1016375821949 4.594830426209312, -74.10153885078765 4.594834126168435, -74.10154074865704 4.594736590135143, -74.10155561636874 4.594673043423276, -74.10158048598433 4.5945668309250065, -74.1015837298622 4.594552729517221, -74.1015951734659 4.59450418815009, -74.1016014802778 4.594488369431438))",LA FRAGUITA (ZONA INVADIDA),La Fraguita (Zona Invadida),6.0,15,ANTONIO NARIÑO,449.148804023,-74.10181708967363,4.593111106009313
"POLYGON ((-74.09119763963187 4.591127967783447, -74.0911552744477 4.591095368074369, -74.09105437686668 4.591229296610715, -74.09108366639911 4.591252143501464, -74.09101184061124 4.591346933280861, -74.0909356975872 4.591284800705098, -74.09110849536724 4.591060797409659, -74.09112523801237 4.591039094884886, -74.09120996385374 4.590929264375043, -74.09127379921394 4.590846512753375, -74.09130031499248 4.590812141226118, -74.09132714969297 4.590777355713649, -74.09139310150479 4.590841315245636, -74.0914372180122 4.590884086315715, -74.09147443290325 4.590920162200035, -74.09151806931551 4.590962464982232, -74.09153478381731 4.590978670470823, -74.09158476338933 4.591027122402854, -74.09170017960194 4.591139005888917, -74.09170014985848 4.591139217410817, -74.09166546009764 4.591183842726201, -74.09162619097694 4.5912343578217225, -74.09159974904607 4.591268987895929, -74.09156677370734 4.591311521599315, -74.09154547604373 4.59133899278837, -74.09151797827118 4.5913744598350865, -74.09139343363441 4.591278627948512, -74.0913376432976 4.591235699588498, -74.09128912401394 4.591198363619306, -74.09124562925106 4.5911648960365, -74.09119763963187 4.591127967783447))",SANTA CLARA,Santa Clara,6.0,15,ANTONIO NARIÑO,449.148804023,-74.09136667849657,4.59109710306423
"POLYGON ((-74.10211202800002 4.594786241000008, -74.102496685 4.5947798889999945, -74.10255489399998 4.594778851, -74.102701739 4.59477622899999, -74.10294341000002 4.5947578750000275, -74.10311551199999 4.594706445999975, -74.10320339600003 4.594647662999989, -74.103613473 4.595073915, -74.10366838300001 4.595290705000024, -74.103682773 4.595349924000004, -74.103704988 4.595441354000001, -74.103687084 4.5955715860000055, -74.10371329600002 4.595634038000014, -74.10375932199997 4.595726420999994, -74.103754907 4.595778471000016, -74.10370376700001 4.595821020000016, -74.10340044999998 4.595599632000016, -74.10275340099997 4.595079081999983, -74.10236133500001 4.595059906000017, -74.10225724899999 4.595007672999997, -74.10218959600002 4.594953703999976, -74.10211202800002 4.594786241000008))",La Fragua,La Fragua,6.0,15,ANTONIO NARIÑO,449.148804023,-74.1031025290635,4.595113988413444
"POLYGON ((-74.12251047799998 4.601101497999991, -74.12290066899999 4.60063450299998, -74.12343158200002 4.599993800999982, -74.12392782900002 4.59937140300002, -74.12465577799998 4.598498216999985, -74.12543323099999 4.597539788000006, -74.12550876699999 4.59748055, -74.125751783 4.5971609270000044, -74.12593240799998 4.596791874000018, -74.12608676299999 4.596393162000026, -74.12628378900001 4.5965282720000005, -74.126684404 4.596854510000014, -74.126888011 4.596607378999976, -74.12753495499999 4.595793492999973, -74.12827713399997 4.594857688999979, -74.12896019800002 4.594014146000006, -74.12955977000001 4.593279832999996, -74.13075338800002 4.593339759999992, -74.13164850999999 4.593614874000024, -74.13171882099999 4.5936293190000015, -74.13142733400002 4.593886782000026, -74.130795256 4.594696218000024, -74.12983114999997 4.595937518000027, -74.12918923199999 4.596732146000022, -74.12913697300002 4.596795294999992, -74.12850304300002 4.59756132199999, -74.12771847300002 4.598518821000027, -74.12713557699999 4.59923941400001, -74.12677849900001 4.599666055999989, -74.126566013 4.599483282999983, -74.12650710700001 4.599631041000009, -74.12640402400001 4.599798500000019, -74.126055512 4.600143262000017, -74.12405279400002 4.602123177000009, -74.12376405399999 4.602404611999986, -74.12348261099999 4.602115606999973, -74.12283819499999 4.601433183999972, -74.12251047799998 4.601101497999991))",Autopista Sur,Autopista Sur,6.0,15,ANTONIO NARIÑO,449.148804023,-74.12691167537601,4.597703165822091
"POLYGON ((-74.117990588 4.594153725000012, -74.11811489899998 4.593384218999972, -74.118355339 4.591858194999986, -74.11865588500001 4.590016762999994, -74.11909964799997 4.589706010999975, -74.119575784 4.589075209999975, -74.11956803099997 4.588971411999978, -74.12193324499998 4.5894415220000155, -74.124470347 4.589945785999987, -74.12450324500003 4.589959903000021, -74.12522709199999 4.590270522000025, -74.12715556900002 4.591831921999983, -74.12737981100003 4.59199810299998, -74.12776934300001 4.592315654000003, -74.12802965700001 4.592525507000004, -74.12828937199998 4.592639599999984, -74.12852902200001 4.592697542999985, -74.128908104 4.592790470000011, -74.12946836700002 4.592926825000006, -74.12989208900001 4.593050215000005, -74.130747095 4.593337825999981, -74.13075338800002 4.593339759999992, -74.12955977000001 4.593279832999996, -74.12916395000002 4.593259961000001, -74.12825735899997 4.5932599289999985, -74.12759117500002 4.593259906000014, -74.12673647399998 4.593244559000027, -74.126362142 4.593237836000014, -74.12649992899998 4.592923498999994, -74.126832014 4.59214009599998, -74.12690552999999 4.591977311999983, -74.12662841500003 4.591723219000016, -74.12625833599998 4.591452301000003, -74.12610100799998 4.591319533999978, -74.12591685000001 4.591513286999997, -74.12571659999998 4.5917303599999855, -74.12575592600001 4.591897210000013, -74.12576843800002 4.591985120000003, -74.125730885 4.592169907000027, -74.12571121500002 4.592291902999988, -74.12563611799999 4.592437218999975, -74.12547518600002 4.593023872000003, -74.12540732000002 4.593284149999988, -74.12538136 4.59328542899999, -74.12537290900002 4.593285847000004, -74.12499941800002 4.593304263999982, -74.12214183100002 4.593548656999985, -74.12090132100002 4.593770885000026, -74.11950574399998 4.594104247000018, -74.11797725100001 4.594504282999992, -74.11793205200001 4.5945160730000225, -74.117990588 4.594153725000012))",Villa Mayor Antigua,Villa Mayor Antigua,6.0,15,ANTONIO NARIÑO,449.148804023,-74.12225092179756,4.591771908646238
"POLYGON ((-74.115500451 4.59228410999998, -74.115448947 4.5923202330000095, -74.11519685299999 4.591808279000019, -74.114716391 4.590855804, -74.11463038599999 4.590614710000011, -74.11460666699998 4.59042124299998, -74.11462447100001 4.590290282000012, -74.11466600300002 4.590177181000001, -74.11476092599997 4.590034318999983, -74.114918144 4.589802168000005, -74.11513171799999 4.589552162000018, -74.11537495599998 4.589254534000019, -74.11546394999999 4.589072978999979, -74.11544914000001 4.588674138999977, -74.11543019599998 4.588339791999999, -74.11686213600001 4.588433577999978, -74.11710647199999 4.588482144000011, -74.11955794199997 4.588969406999979, -74.11956803099997 4.588971411999978, -74.119575784 4.589075209999975, -74.11909964799997 4.589706010999975, -74.11865588500001 4.590016762999994, -74.118355339 4.591858194999986, -74.11811489899998 4.593384218999972, -74.117990588 4.594153725000012, -74.11766992899999 4.593901173000006, -74.11709812499998 4.593440218000012, -74.11693251700001 4.59303782500001, -74.11694514599998 4.592904826999983, -74.11702518200002 4.592161228000009, -74.11711363799998 4.591417627999987, -74.11711364500002 4.591278203000001, -74.11637714400001 4.591819014999998, -74.11632627099999 4.591704890000016, -74.115500451 4.59228410999998))",Eduardo Frei,Eduardo Frei,6.0,15,ANTONIO NARIÑO,449.148804023,-74.11697411880932,4.590566895630317
"POLYGON ((-74.10273034199997 4.592086074999997, -74.102448229 4.592335541000011, -74.10236695600003 4.5922107929999925, -74.10193661300002 4.592608981000012, -74.101860365 4.592717692999997, -74.10158330000002 4.592594351999991, -74.101403457 4.592336504000002, -74.101875329 4.591893840000011, -74.10232807800003 4.59149613400001, -74.102443155 4.591504080999982, -74.10249472100003 4.591519833999996, -74.10267855699999 4.591713331999983, -74.10263371299999 4.591751574999989, -74.102604557 4.591873065000015, -74.102601257 4.59195172699998, -74.10273034199997 4.592086074999997))",Santa Isabel del Restrepo,Santa Isabel Del Restrepo,6.0,15,ANTONIO NARIÑO,449.148804023,-74.10209690312982,4.592104130388011
"POLYGON ((-74.11249556400003 4.594430992000013, -74.11229581700002 4.594579147999979, -74.111248725 4.5953112820000115, -74.111013813 4.595481419000009, -74.110733116 4.595103263999988, -74.11033399000002 4.594569190000015, -74.10997131599999 4.594073525999988, -74.10975261800002 4.593773565999981, -74.10937349400001 4.594049713000004, -74.10902353099999 4.59431671599998, -74.10884310699998 4.594071627999994, -74.10863352199999 4.593777154999997, -74.10847678900001 4.593566817000009, -74.10822164400003 4.593193697999993, -74.10782247100002 4.593457039999975, -74.10747073499999 4.592950400999996, -74.10705521300002 4.592363284999976, -74.10672717099999 4.591885911000019, -74.10656497100001 4.591677401000026, -74.10704252900001 4.591211052999995, -74.10760211000002 4.590666065999982, -74.10813981799998 4.5901375369999755, -74.10868299200001 4.589614494999978, -74.10897671200001 4.589342233000024, -74.109521545 4.590069502999995, -74.11044508200001 4.591295688999991, -74.11099848600003 4.59203861200001, -74.111357602 4.592499223999993, -74.11150076000001 4.592709941999999, -74.11169027199998 4.5930260189999785, -74.111927503 4.593413247, -74.11214701 4.593792263000011, -74.11234606599999 4.594142545000011, -74.11249556400003 4.594430992000013))",Santander Norte,Santander Norte,6.0,15,ANTONIO NARIÑO,449.148804023,-74.10951546187472,4.592466372230087
"POLYGON ((-74.09768347900001 4.58708648999999, -74.09810088 4.58772468699999, -74.09877372 4.588737615000013, -74.09898454199998 4.589057249000006, -74.09909088699999 4.589424923000024, -74.098748908 4.589504558999976, -74.098592564 4.589288022000005, -74.09856441800002 4.589300572000013, -74.09848311600001 4.589237804999982, -74.09846434399998 4.589341359000002, -74.09817666100002 4.589087155000015, -74.09805783500002 4.588977313999976, -74.09808285399998 4.588952210999991, -74.09801093599998 4.5888612019999755, -74.09804846499998 4.588817271999971, -74.09776079699998 4.588365371999998, -74.09755439399999 4.588472048000028, -74.09744496399998 4.5881833400000005, -74.09754190899997 4.588158243000009, -74.097473127 4.587947987999996, -74.097507544 4.587725189000025, -74.097495041 4.587643598999989, -74.09740749399998 4.587458448000006, -74.09731143099998 4.587386034000019, -74.09728535400001 4.587372947999995, -74.09714193500002 4.587274078999996, -74.09712165299999 4.587258086000019, -74.09706225600002 4.587239182000018, -74.096982583 4.587118512000017, -74.09715787699997 4.587198483000008, -74.09731578399999 4.587301716000013, -74.097346206 4.587319163000017, -74.09738822100002 4.587303173999998, -74.09747080699998 4.587218861999986, -74.09768347900001 4.58708648999999))",Luna Park,Luna Park,6.0,15,ANTONIO NARIÑO,449.148804023,-74.09812918865317,4.588350156054663
"POLYGON ((-74.09446963900001 4.58571535499999, -74.09447126999999 4.585713791999978, -74.094804926 4.5853937460000225, -74.09542735399998 4.585173596000004, -74.095831127 4.585010002999979, -74.096400813 4.585613271999989, -74.09658307199999 4.58581267300002, -74.096588628 4.585924351000016, -74.09621734400002 4.5859743309999885, -74.09606709899998 4.586023705999991, -74.095984214 4.5859327219999955, -74.09580031299998 4.585761150999985, -74.095404836 4.586269134000019, -74.094851291 4.585947995000026, -74.09446963900001 4.58571535499999))",San Antonio - Urb. Av. Luna Park,San Antonio - Urb. Av. Luna Park,6.0,15,ANTONIO NARIÑO,449.148804023,-74.09553272349763,4.585636089074115
"POLYGON ((-74.10858627800002 4.597180095999988, -74.10858204200002 4.597183276000009, -74.10840406300002 4.597338036999985, -74.10762096100001 4.5979183860000035, -74.10720787899999 4.598202741000022, -74.10707192799998 4.598230387000001, -74.10703806200002 4.598255458999972, -74.10656936599997 4.597903546999987, -74.10617167700002 4.5976152950000255, -74.10588445899998 4.59737878300001, -74.10523223400003 4.596862795999982, -74.10491003499999 4.596608729000024, -74.104721316 4.5964840030000005, -74.10423341500001 4.596095973999979, -74.10392042000001 4.59585576400002, -74.10375932199997 4.595726420999994, -74.10371329600002 4.595634038000014, -74.103687084 4.5955715860000055, -74.103704988 4.595441354000001, -74.103682773 4.595349924000004, -74.10375947300003 4.59520041799999, -74.10385629000001 4.595056999999997, -74.10530629700003 4.595687627000018, -74.10793565099999 4.5968712530000175, -74.10858627800002 4.597180095999988))",Santa Isabel V Sector,Santa Isabel V Sector,6.0,15,ANTONIO NARIÑO,449.148804023,-74.10613019224762,4.596719079781173
"POLYGON ((-74.12537290900002 4.593285847000004, -74.12538136 4.59328542899999, -74.12540732000002 4.593284149999988, -74.12598769300001 4.593255531000011, -74.12600730999998 4.593254563000016, -74.126350678 4.593237631000022, -74.126362142 4.593237836000014, -74.12673647399998 4.593244559000027, -74.12759117500002 4.593259906000014, -74.12825735899997 4.5932599289999985, -74.12916395000002 4.593259961000001, -74.12955977000001 4.593279832999996, -74.12896019800002 4.594014146000006, -74.12827713399997 4.594857688999979, -74.12753495499999 4.595793492999973, -74.126888011 4.596607378999976, -74.126684404 4.596854510000014, -74.12628378900001 4.5965282720000005, -74.12608676299999 4.596393162000026, -74.12593240799998 4.596791874000018, -74.125751783 4.5971609270000044, -74.12550876699999 4.59748055, -74.12543323099999 4.597539788000006, -74.124960907 4.597126304000028, -74.12480497000001 4.596435525000004, -74.12475658699998 4.595949824000001, -74.12505780700002 4.594740984999987, -74.12537290900002 4.593285847000004))",Villa Sonia,Villa Sonia,6.0,15,ANTONIO NARIÑO,449.148804023,-74.12663292630403,4.594893297296851
"POLYGON ((-74.11322889000002 4.5958823720000055, -74.11328276299997 4.5958592069999895, -74.11343606100002 4.595793291000006, -74.11463228299999 4.59537101799998, -74.115673431 4.595148789000006, -74.11672982300001 4.5948347610000155, -74.11686964699999 4.594793196000011, -74.11784296100001 4.594539311999994, -74.11791780099998 4.594882416000018, -74.11786290399999 4.595278380000024, -74.11781846500003 4.595553719000008, -74.11769825300001 4.595582558999979, -74.11756592500001 4.595648040000014, -74.11779135799998 4.596213652000017, -74.11801678900002 4.596833365000009, -74.11831573299997 4.597595710000007, -74.118944333 4.598152326999979, -74.118680052 4.598412027999984, -74.11846489300001 4.5987284029999955, -74.118216351 4.599041053000007, -74.117793038 4.599620383000001, -74.11745565199999 4.6000717370000075, -74.11720339300001 4.599842939999973, -74.116393781 4.59910142000001, -74.11559880099998 4.5984015020000015, -74.11476968400001 4.597664873999974, -74.11404786399999 4.597040818999971, -74.11373084899998 4.596759382000016, -74.11328461 4.596000751000019, -74.11322889000002 4.5958823720000055))",San Jorge Central,San Jorge Central,6.0,15,ANTONIO NARIÑO,449.148804023,-74.11636396730107,4.597042276379133
"POLYGON ((-74.103682773 4.595349924000004, -74.10366838300001 4.595290705000024, -74.103613473 4.595073915, -74.10320339600003 4.594647662999989, -74.10311551199999 4.594706445999975, -74.10294341000002 4.5947578750000275, -74.102701739 4.59477622899999, -74.10255489399998 4.594778851, -74.10276279700003 4.59467338600001, -74.102881491 4.594473741000001, -74.10315726699997 4.594228573000009, -74.10341557999999 4.594123509999974, -74.10393918199998 4.5939799359999824, -74.10394296499999 4.5939799359999824, -74.10411022199997 4.593979948000026, -74.10489216799999 4.593261950999988, -74.10569505799998 4.592512429999999, -74.10656497100001 4.591677401000026, -74.10672717099999 4.591885911000019, -74.10705521300002 4.592363284999976, -74.10747073499999 4.592950400999996, -74.10782247100002 4.593457039999975, -74.10822164400003 4.593193697999993, -74.10847678900001 4.593566817000009, -74.10863352199999 4.593777154999997, -74.10884310699998 4.594071627999994, -74.10902353099999 4.59431671599998, -74.10937349400001 4.594049713000004, -74.10975261800002 4.593773565999981, -74.10997131599999 4.594073525999988, -74.11033399000002 4.594569190000015, -74.110733116 4.595103263999988, -74.111013813 4.595481419000009, -74.11080081799997 4.595635683000011, -74.11051217400001 4.595834459999991, -74.10986197599999 4.596282224999981, -74.10964693699998 4.596430312999984, -74.108982492 4.596882683999979, -74.10858627800002 4.597180095999988, -74.10793565099999 4.5968712530000175, -74.10530629700003 4.595687627000018, -74.10385629000001 4.595056999999997, -74.10375947300003 4.59520041799999, -74.103682773 4.595349924000004))",La_Fragua,La_Fragua,6.0,15,ANTONIO NARIÑO,449.148804023,-74.1071279991647,4.594696763481002
"POLYGON ((-74.09042979499998 4.581300241000008, -74.090434233 4.581294343000024, -74.09172857300001 4.579574386999979, -74.09451758300003 4.575868232000004, -74.09458138100001 4.575783453999974, -74.09497406100002 4.576059579999991, -74.09571969000001 4.576583894000009, -74.09692146399999 4.5774289579999845, -74.09731640799998 4.577706674000012, -74.09894688999998 4.578853187999982, -74.102501657 4.581252257000016, -74.10075705999998 4.582205843999986, -74.100456479 4.582399393000002, -74.09935285799997 4.58302504300002, -74.098374847 4.583614687000022, -74.09767497799999 4.584132323999995, -74.09700652200002 4.584496907000016, -74.09653098000001 4.584726454000019, -74.095831127 4.585010002999979, -74.09581790099998 4.584994639000001, -74.09557414099999 4.584711476999984, -74.09531271700001 4.584353050999993, -74.09414545800001 4.582644010000024, -74.09396007100003 4.582361466999998, -74.09362361400002 4.582016893000002, -74.09330774 4.581913503000009, -74.09246997100001 4.581796286999974, -74.09128198600001 4.581665257999986, -74.090966111 4.581575648000011, -74.09042979499998 4.581300241000008))",Ciudad Jardín del Sur,Ciudad Jardin Del Sur,6.0,15,ANTONIO NARIÑO,449.148804023,-74.09618957737868,4.580559076778898
"POLYGON ((-74.11672982300001 4.5948347610000155, -74.115673431 4.595148789000006, -74.11463228299999 4.59537101799998, -74.11343606100002 4.595793291000006, -74.11328276299997 4.5958592069999895, -74.112963788 4.5952068789999885, -74.11249556400003 4.594430992000013, -74.11339926800002 4.5937607000000185, -74.114740015 4.59280832600001, -74.115448947 4.5923202330000095, -74.115500451 4.59228410999998, -74.11556395399998 4.592406670000002, -74.11672982300001 4.5948347610000155))",San Jorge_Central,San Jorge_Central,6.0,15,ANTONIO NARIÑO,449.148804023,-74.11464987402552,4.594249604515725
"POLYGON ((-74.09160638999998 4.59739285400002, -74.09065081199998 4.597343876000024, -74.08877484700002 4.597254066999994, -74.08684203500002 4.597164249000002, -74.08470078300002 4.597066255000015, -74.08468428200001 4.597066563999987, -74.08469065899999 4.5970588710000015, -74.08487931799999 4.596831226999995, -74.084915427 4.596781583999984, -74.08531867200003 4.596224355000003, -74.088525119 4.592392797999991, -74.08863100299999 4.59248986, -74.08898029599999 4.592774803999986, -74.08957736299999 4.593275612000013, -74.08960489200001 4.593306695000023, -74.08960147599998 4.593028689999982, -74.089842385 4.5930269849999945, -74.08983732399997 4.592153126000027, -74.09071497399998 4.592518676999986, -74.09514139599997 4.5937813209999945, -74.09501066199999 4.594161659000008, -74.09475944600001 4.594963838000012, -74.09462499199998 4.595400423000001, -74.094391513 4.595584980000012, -74.093811351 4.596085419000019, -74.09271470200002 4.596979815999986, -74.09200625400001 4.59751890199999, -74.09161877000003 4.597343572999989, -74.09160638999998 4.59739285400002))",Eduardo Santos,Eduardo Santos,6.0,15,ANTONIO NARIÑO,449.148804023,-74.09019954078768,4.595122771760855
"POLYGON ((-74.10980793300001 4.597464159000026, -74.11047715299998 4.597134439000001, -74.11126485099999 4.5967463449999855, -74.11157526099998 4.596593407999989, -74.11322889000002 4.5958823720000055, -74.11328461 4.596000751000019, -74.11373084899998 4.596759382000016, -74.11404786399999 4.597040818999971, -74.11476968400001 4.597664873999974, -74.11559880099998 4.5984015020000015, -74.116393781 4.59910142000001, -74.11720339300001 4.599842939999973, -74.11745565199999 4.6000717370000075, -74.117518829 4.600129036999987, -74.117330117 4.600318381000022, -74.116763972 4.6010317330000134, -74.11644210600002 4.60144238700002, -74.11622522200003 4.601123298999993, -74.11572202999997 4.6003973840000185, -74.11435390899999 4.599750323000023, -74.11365412599997 4.599387338999974, -74.11210516800003 4.598629802999994, -74.11064270499998 4.597895938000021, -74.10980793300001 4.597464159000026))",Remanso Sur,Remanso Sur,6.0,15,ANTONIO NARIÑO,449.148804023,-74.11384280690186,4.598394902351508
"POLYGON ((-74.10003705600002 4.590420548999986, -74.10021066600001 4.590273162000016, -74.10065451100002 4.589793880000002, -74.10084255800001 4.589914666000027, -74.10104940999997 4.590020357000014, -74.10149320800002 4.590190225000014, -74.101715104 4.590311014000008, -74.10200092600002 4.590597867999974, -74.10212126200003 4.590869613999984, -74.10220399600001 4.5910168109999745, -74.10232807800003 4.59149613400001, -74.101875329 4.591893840000011, -74.101403457 4.592336504000002, -74.10113577499999 4.5919527170000265, -74.10033850299999 4.590827966999995, -74.10003705600002 4.590420548999986))",Campiña del Restrepo,Campina Del Restrepo,6.0,15,ANTONIO NARIÑO,449.148804023,-74.10124986840138,4.590978905894023
"POLYGON ((-74.10897671200001 4.589342233000024, -74.10888123299998 4.5892147829999885, -74.10932648199997 4.588812925000013, -74.110064464 4.5886456879999855, -74.11026311500001 4.588644063000003, -74.110444428 4.588641771000027, -74.11094934900001 4.588644104000025, -74.11131426899999 4.588641821999999, -74.111647059 4.588630326999975, -74.11190573699997 4.588613873999975, -74.11277942700002 4.588558302000024, -74.113572379 4.588505739000027, -74.11505343300001 4.588315115999989, -74.11543019599998 4.588339791999999, -74.11544914000001 4.588674138999977, -74.11546394999999 4.589072978999979, -74.11537495599998 4.589254534000019, -74.11513171799999 4.589552162000018, -74.114918144 4.589802168000005, -74.11476092599997 4.590034318999983, -74.11466600300002 4.590177181000001, -74.11462447100001 4.590290282000012, -74.11460666699998 4.59042124299998, -74.11463038599999 4.590614710000011, -74.114716391 4.590855804, -74.11519685299999 4.591808279000019, -74.115448947 4.5923202330000095, -74.114740015 4.59280832600001, -74.11339926800002 4.5937607000000185, -74.11249556400003 4.594430992000013, -74.11234606599999 4.594142545000011, -74.11214701 4.593792263000011, -74.111927503 4.593413247, -74.11169027199998 4.5930260189999785, -74.11150076000001 4.592709941999999, -74.111357602 4.592499223999993, -74.11099848600003 4.59203861200001, -74.11044508200001 4.591295688999991, -74.109521545 4.590069502999995, -74.10897671200001 4.589342233000024))",Santander_,Santander_,6.0,15,ANTONIO NARIÑO,449.148804023,-74.11260558625689,4.590779536969904
"POLYGON ((-74.10414263899997 4.585103617000015, -74.104151021 4.58494121000001, -74.104131516 4.584535190999986, -74.10513374300001 4.5844828790000065, -74.10543227 4.584859827999991, -74.10516956200001 4.585126666999997, -74.10469551400001 4.585598580000009, -74.10469180500002 4.585680334000017, -74.10508432099999 4.586107712999989, -74.105199115 4.586215487000004, -74.105217627 4.586286094000001, -74.10522132599999 4.586330689000021, -74.10488801700001 4.5865759289999914, -74.104539896 4.586798870999985, -74.10425843799999 4.5869586449999815, -74.103939937 4.58725591000001, -74.10354002000003 4.5867542089999915, -74.10358816600001 4.586694754999996, -74.10356965400001 4.586635295000007, -74.10369186999998 4.586516388000006, -74.10386593499999 4.586345460000018, -74.10396222499998 4.586259996000023, -74.10395482000001 4.58623769899998, -74.10378818700002 4.586048166000011, -74.10381827700002 4.585990746999982, -74.10401734499999 4.585793828000021, -74.10435099400001 4.585481571999992, -74.104334177 4.585419677000004, -74.10432857299998 4.585374665000017, -74.104199617 4.585231175999979, -74.10414263899997 4.585103617000015))",Restrepo - Urb. Alfonso López Pumarejo,Restrepo - Urb. Alfonso Lopez Pumarejo,6.0,15,ANTONIO NARIÑO,449.148804023,-74.10448053414447,4.585791760129558
"POLYGON ((-74.09901999499999 4.594887672000027, -74.09587298600002 4.593990005000023, -74.09630921399997 4.59351460900001, -74.09676409999997 4.593013423000002, -74.09715200699998 4.592593435000026, -74.09786363799998 4.591798255000014, -74.09844689599998 4.591123471000003, -74.09904131899998 4.590395483999998, -74.09939574100002 4.589953090999983, -74.09942146700001 4.589907026999981, -74.099522826 4.589725546000011, -74.10003705600002 4.590420548999986, -74.10033850299999 4.590827966999995, -74.10113577499999 4.5919527170000265, -74.101403457 4.592336504000002, -74.10158330000002 4.592594351999991, -74.101860365 4.592717692999997, -74.10204966200001 4.59280196200001, -74.10217001799998 4.592801970999971, -74.102429524 4.592952954999987, -74.10329985300001 4.593424068999979, -74.10340415399997 4.5934773600000085, -74.10354291099998 4.593548257000009, -74.10372409500002 4.593712353, -74.10394296499999 4.5939799359999824, -74.10393918199998 4.5939799359999824, -74.10341557999999 4.594123509999974, -74.10315726699997 4.594228573000009, -74.102881491 4.594473741000001, -74.10276279700003 4.59467338600001, -74.10255489399998 4.594778851, -74.102496685 4.5947798889999945, -74.10211202800002 4.594786241000008, -74.10205362300002 4.594787205999978, -74.09908347200002 4.594905777999997, -74.09901999499999 4.594887672000027))",La Fraguita,La Fraguita,6.0,15,ANTONIO NARIÑO,449.148804023,-74.0997535732416,4.593069288628532
"POLYGON ((-74.09240942100001 4.588136073999976, -74.09170310799999 4.58904708, -74.09086314199999 4.5901043210000125, -74.09056012899998 4.590501868999979, -74.090470412 4.590409254000007, -74.089817036 4.589795286000026, -74.08924915300003 4.5892390910000245, -74.08947978600003 4.588959493999993, -74.08996747999998 4.588356913999973, -74.09019090599998 4.588084546999994, -74.090546464 4.587643457000012, -74.09073865900001 4.587412066000013, -74.09102454800001 4.587052927000002, -74.09144773499997 4.58738764100002, -74.09208138700001 4.587886595999975, -74.09240942100001 4.588136073999976))",Sevilla,Sevilla,6.0,15,ANTONIO NARIÑO,449.148804023,-74.09081292830466,4.588745954008641
"POLYGON ((-74.09514139599997 4.5937813209999945, -74.09071497399998 4.592518676999986, -74.08983732399997 4.592153126000027, -74.08908772199999 4.591840907999994, -74.089676999 4.591631445000018, -74.08998753600002 4.591217742000026, -74.09046606300001 4.590625279999983, -74.09056012899998 4.590501868999979, -74.09086314199999 4.5901043210000125, -74.09170310799999 4.58904708, -74.09240942100001 4.588136073999976, -74.09283125000002 4.587606540000024, -74.09331625099998 4.586993179999979, -74.093705473 4.586520892999999, -74.09446963900001 4.58571535499999, -74.094851291 4.585947995000026, -74.095404836 4.586269134000019, -74.09580031299998 4.585761150999985, -74.095984214 4.5859327219999955, -74.09606709899998 4.586023705999991, -74.09621734400002 4.5859743309999885, -74.096588628 4.585924351000016, -74.09658307199999 4.58581267300002, -74.09739664099999 4.586702754999976, -74.097526727 4.586846818000026, -74.09768347900001 4.58708648999999, -74.09747080699998 4.587218861999986, -74.09738822100002 4.587303173999998, -74.097346206 4.587319163000017, -74.09731578399999 4.587301716000013, -74.09715787699997 4.587198483000008, -74.096982583 4.587118512000017, -74.09706225600002 4.587239182000018, -74.09712165299999 4.587258086000019, -74.09714193500002 4.587274078999996, -74.09728535400001 4.587372947999995, -74.09731143099998 4.587386034000019, -74.09740749399998 4.587458448000006, -74.097495041 4.587643598999989, -74.097507544 4.587725189000025, -74.097473127 4.587947987999996, -74.09754190899997 4.588158243000009, -74.09744496399998 4.5881833400000005, -74.09755439399999 4.588472048000028, -74.09776079699998 4.588365371999998, -74.09804846499998 4.588817271999971, -74.09801093599998 4.5888612019999755, -74.09808285399998 4.588952210999991, -74.09805783500002 4.588977313999976, -74.09817666100002 4.589087155000015, -74.09846434399998 4.589341359000002, -74.09848311600001 4.589237804999982, -74.09856441800002 4.589300572000013, -74.098592564 4.589288022000005, -74.098748908 4.589504558999976, -74.09909088699999 4.589424923000024, -74.09910563599999 4.58947591399999, -74.09925814899998 4.589687503999982, -74.09942146700001 4.589907026999981, -74.09939574100002 4.589953090999983, -74.09904131899998 4.590395483999998, -74.09844689599998 4.591123471000003, -74.09786363799998 4.591798255000014, -74.09715200699998 4.592593435000026, -74.09676409999997 4.593013423000002, -74.09630921399997 4.59351460900001, -74.09587298600002 4.593990005000023, -74.09514139599997 4.5937813209999945))",San_Antonio,San_Antonio,6.0,15,ANTONIO NARIÑO,449.148804023,-74.09468409779723,4.590090282492366
"POLYGON ((-74.12662841500003 4.591723219000016, -74.12660338299997 4.591784216000007, -74.12648895000001 4.592028205000019, -74.12637094000002 4.5922883389999924, -74.12633369299999 4.592393178000008, -74.12630478199998 4.592453390999992, -74.12623147300002 4.592634588999999, -74.12612776499998 4.592914458999985, -74.12598769300001 4.593255531000011, -74.12540732000002 4.593284149999988, -74.12547518600002 4.593023872000003, -74.12563611799999 4.592437218999975, -74.12571121500002 4.592291902999988, -74.125730885 4.592169907000027, -74.12576843800002 4.591985120000003, -74.12575592600001 4.591897210000013, -74.12571659999998 4.5917303599999855, -74.12591685000001 4.591513286999997, -74.12610100799998 4.591319533999978, -74.12625833599998 4.591452301000003, -74.12662841500003 4.591723219000016))",5 de Noviembre,5 De Noviembre,6.0,15,ANTONIO NARIÑO,449.148804023,-74.12599669721021,4.59232309754554
"POLYGON ((-74.088525119 4.592392797999991, -74.08893371599999 4.591904542000008, -74.08895494500001 4.5918746880000185, -74.08896378600002 4.591862256000013, -74.08900382000002 4.591805962000023, -74.08908772199999 4.591840907999994, -74.08983732399997 4.592153126000027, -74.089842385 4.5930269849999945, -74.08960147599998 4.593028689999982, -74.08960489200001 4.593306695000023, -74.08957736299999 4.593275612000013, -74.08898029599999 4.592774803999986, -74.08863100299999 4.59248986, -74.088525119 4.592392797999991))",Diana Carolina,Diana Carolina,6.0,15,ANTONIO NARIÑO,449.148804023,-74.08929471477049,4.5924762340489735
"POLYGON ((-74.081093318 4.595131352000009, -74.081095436 4.595127650999984, -74.08109768000003 4.5951237319999905, -74.081099924 4.595119812000007, -74.08110216799997 4.595115892000023, -74.081104412 4.595111972999973, -74.08110665700002 4.595108053999979, -74.08110890199998 4.5951041349999855, -74.08111114600001 4.595100215999991, -74.08111339200002 4.595096296999997, -74.08111563699998 4.595092378999993, -74.08111788299999 4.5950884599999995, -74.08112012999999 4.595084541999995, -74.081122376 4.59508062399999, -74.081124622 4.595076705999986, -74.08112686800001 4.595072787999981, -74.081129116 4.595068869999977, -74.081131363 4.595064953000019, -74.08113361 4.595061036000004, -74.08113519599999 4.595058272000017, -74.08113585900003 4.595057117999999, -74.08113726099998 4.595054676000017, -74.08113748800002 4.59505427900001, -74.08113810600003 4.595053201999974, -74.08114035400001 4.595049284000026, -74.08114260299999 4.595045368000001, -74.08114485200002 4.595041451999975, -74.081147101 4.595037535000017, -74.08114934999998 4.595033618999991, -74.081150546 4.595031538, -74.0811516 4.595029701999976, -74.08115385000002 4.595025787999986, -74.08115610099998 4.595021872000018, -74.081158351 4.595017955999992, -74.08116060200001 4.5950140420000025, -74.08116285300002 4.595010125999976, -74.08116510600001 4.595006210999997, -74.08116735700003 4.595002296000018, -74.08116960900003 4.594998383000017, -74.08117186099997 4.594994467999981, -74.08117411500001 4.594990554999981, -74.081176368 4.594986640999991, -74.08117862099999 4.594982727000001, -74.08118087499997 4.594978814000001, -74.08118313 4.5949749010000005, -74.08118538399998 4.594970988, -74.08118764 4.594967074999999, -74.08118989399998 4.5949631629999885, -74.08119215099998 4.5949592509999775, -74.081194407 4.594955339000023, -74.081196664 4.594951428000001, -74.08119892100001 4.59494751699998, -74.08120117800001 4.594943606000015, -74.08120343600001 4.594939694999993, -74.08120461499999 4.594937652999988, -74.081205694 4.594935782999982, -74.08120795299999 4.594931873999996, -74.08121021199997 4.594927964000021, -74.08121247100001 4.594924053999989, -74.08121473 4.594920143000024, -74.08121698000002 4.594916228999977, -74.08121922100003 4.594912308000004, -74.08122025699998 4.594910485000014, -74.08122145300001 4.594908380999982, -74.08122244700002 4.594906621000006, -74.08122367499999 4.594904450000001, -74.081225888 4.594900513000027, -74.08122809399998 4.5948965709999925, -74.08123029199999 4.594892625999989, -74.081232484 4.594888675999982, -74.08123466699999 4.5948847220000175, -74.08123684499998 4.594880763999981, -74.08123793300001 4.594878784000002, -74.08123901800002 4.594876804000023, -74.081241186 4.594872839999993, -74.08124334899998 4.594868873999985, -74.08124550899998 4.594864905000008, -74.081247663 4.594860933999996, -74.08124850899998 4.5948593719999735, -74.08124981499998 4.594856961000005, -74.08125196399999 4.594852985999978, -74.08125411100002 4.594849011000008, -74.08125625500003 4.594845034999991, -74.08125839899998 4.594841056000007, -74.081260542 4.594837079000001, -74.08126268400002 4.594833101000006, -74.08126482699998 4.59482912300001, -74.08126697 4.594825145000015, -74.08126911400001 4.594821168000009, -74.08126967599998 4.594820126000001, -74.081271259 4.594817192999983, -74.08127223899999 4.59481538, -74.08127340700003 4.594813218000013, -74.08127555800002 4.5948092439999755, -74.08127771099998 4.594805274000009, -74.08127986699998 4.594801303999986, -74.08128202699999 4.594797336999988, -74.08128419299999 4.594793373000015, -74.081286363 4.5947894120000115, -74.08128853800002 4.594785455000021, -74.08129071899998 4.5947815000000105, -74.08129290599999 4.594777550000003, -74.08129510100002 4.5947736030000215, -74.081297302 4.594769661999976, -74.08129951199999 4.594765723000023, -74.08130173 4.594761791999985, -74.081303956 4.594757863999973, -74.08130619100001 4.594753942000011, -74.08130843700002 4.594750026999975, -74.081310691 4.594746116999999, -74.08131295800001 4.594742213000017, -74.08131523499998 4.594738317999997, -74.081317523 4.594734426999991, -74.08131982399999 4.594730545000004, -74.08132213699997 4.59472667, -74.08132306599998 4.594725142000015, -74.08132448499998 4.594722805999992, -74.081326956 4.594718967000005, -74.08132955000002 4.5947151529999815, -74.081332261 4.594711363999977, -74.08133508200001 4.594707595999977, -74.08133800299998 4.594703848999984, -74.081341017 4.594700122000006, -74.08134411700001 4.594696413000008, -74.08134729599999 4.594692720000011, -74.08135054500002 4.594689043000016, -74.081350719 4.594688849000021, -74.08135385399999 4.594685378999997, -74.08135722100002 4.594681728000011, -74.08136063199998 4.594678085999987, -74.08136408299998 4.594674455000017, -74.081367565 4.5946708309999735, -74.08137106999999 4.594667214000026, -74.08137459 4.594663602000025, -74.08137812000001 4.594659992999993, -74.08138164799999 4.594656386999986, -74.08138516999998 4.594652779999989, -74.081386926 4.594650973999989, -74.08138867500003 4.594649173999982, -74.08139215699998 4.5946455650000075, -74.08139560900003 4.594641953000007, -74.08139902099998 4.594638336000002, -74.08140238700003 4.5946347120000155, -74.08140569900002 4.594631079999999, -74.08140894799999 4.594627439000021, -74.08141212700002 4.594623785999999, -74.08141296100001 4.5946228020000035, -74.081414902 4.59462050899998, -74.08141522900002 4.59462012199998, -74.08141824500001 4.594616443999996, -74.08142116800002 4.594612750999999, -74.08142399000002 4.594609041000012, -74.08142670299998 4.594605311999998, -74.08142929899998 4.594601565000004, -74.08143177300002 4.594597797000005, -74.081434113 4.5945940060000225, -74.081436311 4.594590191999998, -74.081438365 4.594586352000021, -74.08144026100001 4.5945824849999894, -74.08144199499998 4.594578591000015, -74.08144355799999 4.594574666000028, -74.08144388099998 4.594573744000001, -74.08144494200002 4.594570711000017, -74.08144613899998 4.594566722000024, -74.081447142 4.594562700999972, -74.08192089900001 4.593803759000024, -74.08234730599997 4.593169282000019, -74.08284312299998 4.592402259999971, -74.08297494300001 4.592198338000002, -74.08382296299999 4.590924574999974, -74.08425416 4.5902708699999835, -74.08488854900003 4.589279294999983, -74.08492979300001 4.589306245999978, -74.08687432699998 4.590499367000006, -74.08900382000002 4.591805962000023, -74.08896378600002 4.591862256000013, -74.08895494500001 4.5918746880000185, -74.08893371599999 4.591904542000008, -74.088525119 4.592392797999991, -74.08531867200003 4.596224355000003, -74.084915427 4.596781583999984, -74.08487931799999 4.596831226999995, -74.08469065899999 4.5970588710000015, -74.08465817000001 4.597057333000009, -74.08379034299998 4.596361989000001, -74.08345317099997 4.596069919000001, -74.08319071199998 4.595860596000022, -74.08302296599999 4.595811481999987, -74.08252846599999 4.595672911999997, -74.08198329300001 4.5955273220000095, -74.08174610999998 4.595436936999988, -74.08150103100002 4.595322120999981, -74.081093318 4.595131352000009))",San_Bernardo,San_Bernardo,6.0,15,ANTONIO NARIÑO,449.148804023,-74.08499156983551,4.593168003484384
"POLYGON ((-74.09102454800001 4.587052927000002, -74.09041203800001 4.58656595299999, -74.08992203000003 4.586182640000004, -74.08953290900001 4.585864420000007, -74.088925206 4.58537503399998, -74.08853128099997 4.585054402000025, -74.088094345 4.584694726999998, -74.08814159799999 4.584625866999999, -74.088263369 4.5844484159999865, -74.08913866799998 4.583172880000006, -74.089866438 4.582112327000004, -74.09037271300002 4.582335809000028, -74.09074761 4.582492066999975, -74.091160635 4.582632386, -74.09151963300002 4.582925735999992, -74.09223445399999 4.583531564999987, -74.09286349799999 4.58405768, -74.09324791199998 4.584395667000023, -74.09396908899998 4.585004683000022, -74.09415653000002 4.585189617000025, -74.09439478399997 4.5856455559999745, -74.09447126999999 4.585713791999978, -74.09446963900001 4.58571535499999, -74.093705473 4.586520892999999, -74.09331625099998 4.586993179999979, -74.09283125000002 4.587606540000024, -74.09240942100001 4.588136073999976, -74.09208138700001 4.587886595999975, -74.09144773499997 4.58738764100002, -74.09102454800001 4.587052927000002))",Ciudad Berna,Ciudad Berna,6.0,15,ANTONIO NARIÑO,449.148804023,-74.09128922043205,4.58504274550349
"POLYGON ((-74.09498986800003 4.599437588, -74.09411623900002 4.5988446169999975, -74.093133631 4.598206499000014, -74.092558037 4.59782217999998, -74.09220641600001 4.597609470999998, -74.09200625400001 4.59751890199999, -74.09271470200002 4.596979815999986, -74.093811351 4.596085419000019, -74.094391513 4.595584980000012, -74.09462499199998 4.595400423000001, -74.09475944600001 4.594963838000012, -74.09501066199999 4.594161659000008, -74.09514139599997 4.5937813209999945, -74.09587298600002 4.593990005000023, -74.09901999499999 4.594887672000027, -74.098538394 4.595558304000007, -74.09799341500002 4.596327343999973, -74.09792994499998 4.596418490000019, -74.09731550999999 4.59730086899998, -74.096810403 4.5980299020000075, -74.09611477099998 4.599043434000009, -74.09586664699998 4.599399059000006, -74.09555244900002 4.599823567999976, -74.095284289 4.599637423999979, -74.09498986800003 4.599437588))",El Vergel_,El Vergel_,6.0,15,ANTONIO NARIÑO,449.148804023,-74.09560655166986,4.596645891730433
"POLYGON ((-74.09792994499998 4.596418490000019, -74.09799341500002 4.596327343999973, -74.098538394 4.595558304000007, -74.09901999499999 4.594887672000027, -74.09908347200002 4.594905777999997, -74.10205362300002 4.594787205999978, -74.10211202800002 4.594786241000008, -74.10218959600002 4.594953703999976, -74.10225724899999 4.595007672999997, -74.10236133500001 4.595059906000017, -74.10275340099997 4.595079081999983, -74.10340044999998 4.595599632000016, -74.10370376700001 4.595821020000016, -74.103754907 4.595778471000016, -74.10375932199997 4.595726420999994, -74.10392042000001 4.59585576400002, -74.10423341500001 4.596095973999979, -74.104721316 4.5964840030000005, -74.10491003499999 4.596608729000024, -74.10523223400003 4.596862795999982, -74.10588445899998 4.59737878300001, -74.10617167700002 4.5976152950000255, -74.10656936599997 4.597903546999987, -74.10703806200002 4.598255458999972, -74.10696756599998 4.598307651000027, -74.10696677200002 4.5983082380000155, -74.10520626499999 4.5996116040000175, -74.104928782 4.599816970000006, -74.104089665 4.600438000999986, -74.10359405100002 4.600827289999983, -74.10306041000001 4.600402287999998, -74.10225245200002 4.599762508000026, -74.10154571300001 4.599206485000024, -74.10068448599998 4.5985185860000115, -74.10004877799997 4.598016027000028, -74.09942194899998 4.597520594999991, -74.09872941999998 4.5969663530000275, -74.098157238 4.5965416939999955, -74.09792994499998 4.596418490000019))",Santa Isabel Sur,Santa Isabel Sur,6.0,15,ANTONIO NARIÑO,449.148804023,-74.1024499473446,4.597426921351849
"POLYGON ((-74.10821843000002 4.599477163000017, -74.10769320100002 4.598966815999972, -74.10696677200002 4.5983082380000155, -74.10696756599998 4.598307651000027, -74.10703806200002 4.598255458999972, -74.10707192799998 4.598230387000001, -74.10720787899999 4.598202741000022, -74.10783602999999 4.598075001999973, -74.10821491600001 4.598003097999992, -74.10839251200002 4.597966776000021, -74.10856649499999 4.597931191999975, -74.10909417699997 4.5978158190000045, -74.10936153900002 4.5976840939999875, -74.10980793300001 4.597464159000026, -74.11064270499998 4.597895938000021, -74.11210516800003 4.598629802999994, -74.11365412599997 4.599387338999974, -74.11435390899999 4.599750323000023, -74.11572202999997 4.6003973840000185, -74.11622522200003 4.601123298999993, -74.11644210600002 4.60144238700002, -74.11703504799999 4.602314745000001, -74.117481812 4.602999072999978, -74.11684361300001 4.6037628419999805, -74.116639432 4.603643995000027, -74.116210658 4.603295659000025, -74.11606364699998 4.603217792999998, -74.11594522500002 4.60311124399999, -74.11597381500002 4.6030292890000055, -74.11593298100001 4.602959624999982, -74.115373535 4.602504737999993, -74.11534086299997 4.602512932000024, -74.114854922 4.602111320000005, -74.11463849199998 4.601976080999975, -74.11447106899999 4.601775280000026, -74.11441389499998 4.601820352999993, -74.11423422500002 4.601558082999986, -74.11454869599999 4.601119633999985, -74.11347472 4.600324600000021, -74.11282127599998 4.601209690000018, -74.11177181599999 4.6002302530000065, -74.111813332 4.600184207999973, -74.11190135499999 4.600051735000022, -74.11180894300003 4.599985489999994, -74.11144369599998 4.599709471999972, -74.11110921099998 4.600173127000005, -74.110490938 4.599610057000006, -74.110121295 4.599263382000003, -74.11018071000001 4.599190523000004, -74.11025947899998 4.599073443000008, -74.109520901 4.598710966999988, -74.109192194 4.598548056000026, -74.10845760900003 4.599248438000017, -74.10821843000002 4.599477163000017))",Remanso,Remanso,6.0,15,ANTONIO NARIÑO,449.148804023,-74.11278516641477,4.600118459576927
"POLYGON ((-74.11126485099999 4.5967463449999855, -74.11047715299998 4.597134439000001, -74.110099741 4.596600382000019, -74.10986197599999 4.596282224999981, -74.11051217400001 4.595834459999991, -74.111209046 4.596700340999973, -74.11126485099999 4.5967463449999855))",La Fragua - Urb. Sargento Paez Pabon,La Fragua - Urb. Sargento Paez Pabon,6.0,15,ANTONIO NARIÑO,449.148804023,-74.11053798741294,4.596502020687431
"POLYGON ((-74.11051217400001 4.595834459999991, -74.11080081799997 4.595635683000011, -74.111013813 4.595481419000009, -74.111248725 4.5953112820000115, -74.11229581700002 4.594579147999979, -74.11249556400003 4.594430992000013, -74.112963788 4.5952068789999885, -74.11328276299997 4.5958592069999895, -74.11322889000002 4.5958823720000055, -74.11157526099998 4.596593407999989, -74.11126485099999 4.5967463449999855, -74.111209046 4.596700340999973, -74.11051217400001 4.595834459999991))",La Fragua - Urb. Ciudad de Quito,La Fragua - Urb. Ciudad De Quito,6.0,15,ANTONIO NARIÑO,449.148804023,-74.11194340596555,4.5956697943975655
"POLYGON ((-74.08900382000002 4.591805962000023, -74.08687432699998 4.590499367000006, -74.08492979300001 4.589306245999978, -74.08625831 4.587370283999973, -74.08666456700001 4.587611767999987, -74.08687354300002 4.587737133000018, -74.08778391200002 4.588327789999993, -74.08815141899998 4.588595388999976, -74.08841323799999 4.588773789000015, -74.088691874 4.58895460299999, -74.08880477000002 4.589029337999988, -74.08901134000001 4.589214965999985, -74.089105034 4.589111322000007, -74.08924915300003 4.5892390910000245, -74.089817036 4.589795286000026, -74.090470412 4.590409254000007, -74.09056012899998 4.590501868999979, -74.09046606300001 4.590625279999983, -74.08998753600002 4.591217742000026, -74.089676999 4.591631445000018, -74.08908772199999 4.591840907999994, -74.08900382000002 4.591805962000023))",S.C. La Hortua,S.C. La Hortua,6.0,15,ANTONIO NARIÑO,449.148804023,-74.08774621879063,4.589697565272326
"POLYGON ((-74.09909088699999 4.589424923000024, -74.09898454199998 4.589057249000006, -74.09877372 4.588737615000013, -74.09810088 4.58772468699999, -74.09768347900001 4.58708648999999, -74.097526727 4.586846818000026, -74.09739664099999 4.586702754999976, -74.09658307199999 4.58581267300002, -74.096400813 4.585613271999989, -74.095831127 4.585010002999979, -74.09653098000001 4.584726454000019, -74.09700652200002 4.584496907000016, -74.09767497799999 4.584132323999995, -74.098374847 4.583614687000022, -74.09935285799997 4.58302504300002, -74.100456479 4.582399393000002, -74.10075705999998 4.582205843999986, -74.102501657 4.581252257000016, -74.10250633800001 4.581255415999976, -74.102659738 4.581358942999997, -74.10509254300001 4.584430854999993, -74.10513374300001 4.5844828790000065, -74.104131516 4.584535190999986, -74.104151021 4.58494121000001, -74.10414263899997 4.585103617000015, -74.10368218600001 4.585546005000026, -74.10300685599998 4.586184386000013, -74.10223106000001 4.58692636500001, -74.10152502800003 4.587601144000018, -74.10073527700001 4.588348719000009, -74.09987854799999 4.589174691999971, -74.09975854800001 4.589303488999974, -74.099522826 4.589725546000011, -74.09942146700001 4.589907026999981, -74.09925814899998 4.589687503999982, -74.09910563599999 4.58947591399999, -74.09909088699999 4.589424923000024))",Restrepo,Restrepo,6.0,15,ANTONIO NARIÑO,449.148804023,-74.10054895283028,4.585185473673485
"POLYGON ((-74.089866438 4.582112327000004, -74.08989729500001 4.582067360999985, -74.09000365700001 4.5819123620000255, -74.090360686 4.581392073000017, -74.09042979499998 4.581300241000008, -74.090966111 4.581575648000011, -74.09128198600001 4.581665257999986, -74.09246997100001 4.581796286999974, -74.09330774 4.581913503000009, -74.09362361400002 4.582016893000002, -74.09396007100003 4.582361466999998, -74.09414545800001 4.582644010000024, -74.09531271700001 4.584353050999993, -74.09557414099999 4.584711476999984, -74.09581790099998 4.584994639000001, -74.095831127 4.585010002999979, -74.09542735399998 4.585173596000004, -74.094804926 4.5853937460000225, -74.09447126999999 4.585713791999978, -74.09439478399997 4.5856455559999745, -74.09415653000002 4.585189617000025, -74.09396908899998 4.585004683000022, -74.09324791199998 4.584395667000023, -74.09286349799999 4.58405768, -74.09223445399999 4.583531564999987, -74.09151963300002 4.582925735999992, -74.091160635 4.582632386, -74.09074761 4.582492066999975, -74.09037271300002 4.582335809000028, -74.089866438 4.582112327000004))",Caracas,Caracas,6.0,15,ANTONIO NARIÑO,449.148804023,-74.09310800045706,4.583266852505196
"POLYGON ((-74.12690552999999 4.591977311999983, -74.126832014 4.59214009599998, -74.12649992899998 4.592923498999994, -74.126362142 4.593237836000014, -74.126350678 4.593237631000022, -74.12600730999998 4.593254563000016, -74.12598769300001 4.593255531000011, -74.12612776499998 4.592914458999985, -74.12623147300002 4.592634588999999, -74.12630478199998 4.592453390999992, -74.12633369299999 4.592393178000008, -74.12637094000002 4.5922883389999924, -74.12648895000001 4.592028205000019, -74.12660338299997 4.591784216000007, -74.12662841500003 4.591723219000016, -74.12690552999999 4.591977311999983))",Arboleda del Rey,Arboleda Del Rey,6.0,15,ANTONIO NARIÑO,449.148804023,-74.12646414310652,4.592537923438546
"POLYGON ((-74.12114903999998 4.59953320400001, -74.12087308500003 4.599203014000011, -74.12150932999998 4.598616861999971, -74.12135450300002 4.598430764999989, -74.120490265 4.597474126000008, -74.12010822100001 4.597034893, -74.11977807800002 4.597269374000006, -74.11951098600002 4.597641577999979, -74.11903987699998 4.598058439999988, -74.118944333 4.598152326999979, -74.11831573299997 4.597595710000007, -74.11801678900002 4.596833365000009, -74.11779135799998 4.596213652000017, -74.11756592500001 4.595648040000014, -74.11769825300001 4.595582558999979, -74.11781846500003 4.595553719000008, -74.11786290399999 4.595278380000024, -74.11791780099998 4.594882416000018, -74.11784296100001 4.594539311999994, -74.11793205200001 4.5945160730000225, -74.11797725100001 4.594504282999992, -74.11950574399998 4.594104247000018, -74.12090132100002 4.593770885000026, -74.12214183100002 4.593548656999985, -74.12499941800002 4.593304263999982, -74.12537290900002 4.593285847000004, -74.12505780700002 4.594740984999987, -74.12475658699998 4.595949824000001, -74.12480497000001 4.596435525000004, -74.124960907 4.597126304000028, -74.12543323099999 4.597539788000006, -74.12465577799998 4.598498216999985, -74.12392782900002 4.59937140300002, -74.12343158200002 4.599993800999982, -74.12290066899999 4.60063450299998, -74.12251047799998 4.601101497999991, -74.12242163799999 4.601011582000012, -74.12211901299997 4.600650721000022, -74.12170602200001 4.600136226000017, -74.12151020599998 4.5998932699999955, -74.12129303 4.599639593999995, -74.12118600999997 4.59949899899999, -74.12114903999998 4.59953320400001))",Villa del Rosario,Villa Del Rosario,6.0,15,ANTONIO NARIÑO,449.148804023,-74.12192195838605,4.596425183990215
"POLYGON ((-74.10936153900002 4.5976840939999875, -74.10909417699997 4.5978158190000045, -74.10856649499999 4.597931191999975, -74.10839251200002 4.597966776000021, -74.10838343400002 4.597957592999989, -74.10835922500002 4.597927013000003, -74.10832784000002 4.5978755990000195, -74.10830933300002 4.597834991000013, -74.10829462700002 4.597782943000027, -74.108290689 4.597745159999988, -74.10830195099999 4.597699823000027, -74.10832327899999 4.597659146000012, -74.10836839400002 4.5976100679999945, -74.10839985400003 4.597588248000022, -74.108560393 4.597471027999972, -74.10870622200002 4.597368636999988, -74.10936153900002 4.5976840939999875))",Sultana,Sultana,6.0,15,ANTONIO NARIÑO,449.148804023,-74.10874334426265,4.597686154239642
"POLYGON ((-74.101860365 4.592717692999997, -74.10193661300002 4.592608981000012, -74.10236695600003 4.5922107929999925, -74.102448229 4.592335541000011, -74.10273034199997 4.592086074999997, -74.102601257 4.59195172699998, -74.102604557 4.591873065000015, -74.10263371299999 4.591751574999989, -74.10267855699999 4.591713331999983, -74.10249472100003 4.591519833999996, -74.102443155 4.591504080999982, -74.10232807800003 4.59149613400001, -74.10220399600001 4.5910168109999745, -74.10212126200003 4.590869613999984, -74.10200092600002 4.590597867999974, -74.101715104 4.590311014000008, -74.10149320800002 4.590190225000014, -74.10104940999997 4.590020357000014, -74.10084255800001 4.589914666000027, -74.10065451100002 4.589793880000002, -74.10021066600001 4.590273162000016, -74.10003705600002 4.590420548999986, -74.099522826 4.589725546000011, -74.09975854800001 4.589303488999974, -74.09987854799999 4.589174691999971, -74.10073527700001 4.588348719000009, -74.10152502800003 4.587601144000018, -74.10223106000001 4.58692636500001, -74.10300685599998 4.586184386000013, -74.10368218600001 4.585546005000026, -74.10414263899997 4.585103617000015, -74.104199617 4.585231175999979, -74.10432857299998 4.585374665000017, -74.104334177 4.585419677000004, -74.10435099400001 4.585481571999992, -74.10401734499999 4.585793828000021, -74.10381827700002 4.585990746999982, -74.10378818700002 4.586048166000011, -74.10395482000001 4.58623769899998, -74.10396222499998 4.586259996000023, -74.10386593499999 4.586345460000018, -74.10369186999998 4.586516388000006, -74.10356965400001 4.586635295000007, -74.10358816600001 4.586694754999996, -74.10354002000003 4.5867542089999915, -74.103939937 4.58725591000001, -74.10425843799999 4.5869586449999815, -74.104539896 4.586798870999985, -74.10488801700001 4.5865759289999914, -74.10522132599999 4.586330689000021, -74.105217627 4.586286094000001, -74.105199115 4.586215487000004, -74.10508432099999 4.586107712999989, -74.10469180500002 4.585680334000017, -74.10469551400001 4.585598580000009, -74.10516956200001 4.585126666999997, -74.10543227 4.584859827999991, -74.10800919899998 4.588113684999996, -74.10888123299998 4.5892147829999885, -74.10897671200001 4.589342233000024, -74.10868299200001 4.589614494999978, -74.10813981799998 4.5901375369999755, -74.10760211000002 4.590666065999982, -74.10704252900001 4.591211052999995, -74.10656497100001 4.591677401000026, -74.10569505799998 4.592512429999999, -74.10489216799999 4.593261950999988, -74.10411022199997 4.593979948000026, -74.10394296499999 4.5939799359999824, -74.10372409500002 4.593712353, -74.10354291099998 4.593548257000009, -74.10340415399997 4.5934773600000085, -74.10329985300001 4.593424068999979, -74.102429524 4.592952954999987, -74.10217001799998 4.592801970999971, -74.10204966200001 4.59280196200001, -74.101860365 4.592717692999997))",Restrepo Occidental,Restrepo Occidental,6.0,15,ANTONIO NARIÑO,449.148804023,-74.1044596369197,4.58940816744564
"POLYGON ((-74.10858627800002 4.597180095999988, -74.108982492 4.596882683999979, -74.10964693699998 4.596430312999984, -74.10986197599999 4.596282224999981, -74.110099741 4.596600382000019, -74.11047715299998 4.597134439000001, -74.10980793300001 4.597464159000026, -74.10936153900002 4.5976840939999875, -74.10870622200002 4.597368636999988, -74.108560393 4.597471027999972, -74.10839985400003 4.597588248000022, -74.10836839400002 4.5976100679999945, -74.10832327899999 4.597659146000012, -74.10830195099999 4.597699823000027, -74.108290689 4.597745159999988, -74.10829462700002 4.597782943000027, -74.10830933300002 4.597834991000013, -74.10832784000002 4.5978755990000195, -74.10835922500002 4.597927013000003, -74.10838343400002 4.597957592999989, -74.10839251200002 4.597966776000021, -74.10821491600001 4.598003097999992, -74.10783602999999 4.598075001999973, -74.10720787899999 4.598202741000022, -74.10762096100001 4.5979183860000035, -74.10840406300002 4.597338036999985, -74.10858204200002 4.597183276000009, -74.10858627800002 4.597180095999988))",S.C. Sena,S.C. Sena,6.0,15,ANTONIO NARIÑO,449.148804023,-74.10921989196522,4.597211448412037
